Fe1,Fe2,Fe3,Fe4,Fe5,Fe6,Fe7,Fe8,Fe9,Fe10,Fe11,Fe12,Target
9.93094980952676,-22.81201992841513,-5.245618163424509,-4.551693060762105,-1.2789869100106177,-8.677807251697473,0.9454872749335552,-6.447218032906829,-4.115502063913044,3.692619289836931,-1.2894409256525936,-2.2864271220718906,0.0
11.1553316794256,-26.923721986828603,-6.201264361292866,-9.14684727125823,-2.4005326508819573,-7.492336586425883,1.9707539187888523,-0.3257197966677935,0.370725540825055,0.9635457123413548,-4.203925624278688,-3.955862182086331,1.0
9.1131042335882,-26.984203155326043,-5.030476417977413,-7.0917840918771615,1.3778820268423586,-3.21326476425891,2.009771030455236,-3.483642341770484,-4.371309840244179,-1.1554743559898502,-4.072048501933685,-4.639553147278237,2.0
10.371325437886984,-23.676412601227423,-5.261868404812139,-7.19321323200596,-3.715340460309175,-13.919314827150409,-2.3304347863491777,-2.4561962447616783,-0.6241489094365521,5.181674481374196,1.2711002185607296,-2.9163373261494008,3.0
9.707724305253148,-26.795521260059484,-11.9500159181525,-10.741683621858057,-4.594933043898894,-9.539270197058212,4.22172504544299,-2.428039188265551,-2.7126794285411,2.0393852770522325,-2.467262878473171,-0.4824205507972501,4.0
11.334597843638043,-25.801882223137987,-11.371658977088694,-7.498136860123123,-1.5006168119759389,-9.513688739784646,5.110169942340333,-4.432198223075754,-7.178402685358339,1.9725401196645225,-3.086754541998713,-5.359038486557254,5.0
12.743787556923047,-26.24170108095272,-14.399093857397665,-1.876996390205956,2.454964315877685,-9.469274169240975,11.823639854012468,-3.1468113745677435,-9.463830840250337,5.970008345293441,-0.6182632278223776,-7.858126468523044,6.0
9.624944469472505,-28.49895590521525,-10.427024387851368,-9.143064368729132,-1.6568997061402302,-7.039520734762039,3.4046024779498327,-8.283719576545447,-10.737530178520752,0.0378785306568607,-0.5981791880720231,-1.8338135874031407,7.0
12.328317586517995,-29.70671719735684,-8.623903056271553,-6.791428215033238,0.1522627269214977,-5.502490747710498,3.754763708521806,-4.612322009264728,-5.848405633938939,-0.1864346779461224,-1.0430250421312328,-2.098531741283931,8.0
9.865023099367198,-24.9492889437181,-10.483103211811269,-8.59230701731319,-0.904235438583286,-7.95922429947209,3.546683124124031,-4.62579877290606,-5.591496937470347,2.525333176933391,-1.0018914663793697,-1.6853231873820549,9.0
9.261662802152124,-28.01000736720292,-5.694940098257113,-7.495891112090826,-1.9896049603896344,-8.89398885151351,-2.0282026121952974,-7.997055097998867,-6.507817359762946,-0.5782194728612775,-2.0660018117504104,-2.230365023712128,0.0
11.04056499527055,-25.98913897426256,-6.401714793093229,-9.743711804749324,-4.801926812797916,-9.287581181229632,2.915284917136036,-0.4303049768040373,-1.1014823675464718,-0.0439745172246194,-3.5481166823783243,-2.9240610398905016,1.0
10.501212402857377,-23.80627506459243,-5.436432878705489,-7.721415485644836,-0.3984624088135654,-5.337119175727067,1.8182763572515763,-5.405467171787154,-6.88956785701307,-0.6966796463122373,-3.502350721167524,-6.753279631942049,2.0
9.537380865756868,-25.96141659842813,-7.406811309514467,-10.03172285479928,-4.847800906685811,-14.035135465926777,-5.620733514963935,-4.509042253119321,0.2234442412636259,4.325307631274319,0.3046691393994286,-3.1806933374162187,3.0
8.91757457469847,-29.675046907705795,-7.602516450121194,-11.228243432452697,-3.728607888010816,-7.660774713519411,1.2848410368371188,-2.6364261579587907,-4.822258973590221,0.5360653758844186,2.253665599473041,-1.2863459154238617,4.0
10.76249430480044,-26.219391750880373,-8.280527318702088,-9.39729714476456,-1.176037351726517,-6.6998219175814,2.59118247897869,-3.195652976703552,-3.574916061172717,1.607823139176231,-1.5845996780778793,-3.8476883909154944,5.0
12.41610483074594,-29.3991255892454,-9.709194307286277,-5.185069505237596,-0.5822210604166304,-8.714408735194006,9.417114793192004,-0.4136381896813551,-8.937509339175305,2.4859451320942894,2.384564525441877,-4.668369263504904,6.0
8.071218985274871,-26.31109810307404,-9.486107414270688,-8.901058044442848,-1.3927215734708602,-6.495688520823063,2.5494626972329577,-6.165395970788281,-5.541826575835299,4.021990896010232,2.066344638114786,-1.661154505259849,7.0
11.01091325410986,-27.87622541988524,-7.845037676459441,-4.726319445847228,2.1962622688757563,-4.637241481578641,5.415138553063076,-4.535269051436459,-7.642197921879214,1.8955866221244224,1.420223521898692,-2.60397351544237,8.0
9.608986189595196,-21.329053698835686,-12.039381269047237,-8.501368214775978,-1.390148894849102,-10.014234538632142,3.0690279617517304,-5.391520872844547,-6.252838505792785,4.42623213309495,0.2073654989543623,-2.1003234935901567,9.0
9.427661301034515,-21.053778670481822,-4.355335755734524,-3.09191499844662,0.827523988779546,-7.45679053643982,1.100542985540584,-7.103862215782727,-5.108468363584322,3.0036071967150377,-2.364463932232653,-1.22671127324771,0.0
11.434767849964256,-11.91092796765376,-0.6561153712142896,-1.633045460691641,3.5058477525517087,-3.1761622702999888,8.56505868962345,5.054928259626922,4.061283028615934,7.673255651576674,-0.5778622434191953,-0.9509998288008924,1.0
10.56450493647942,-18.228056263389387,-4.9587926490749465,-5.676467837098396,2.638626618693993,-4.16409514850969,2.6541751947934307,-3.916869890278698,-3.6279225100559582,2.286404602095506,-4.058504737815992,-5.390511246986587,2.0
9.589707578222743,-28.64670181763605,-7.873493931315291,-10.694496261706764,-3.647126063830169,-12.209963767261724,-4.638993104620221,-4.115624976184042,0.1691593470241458,3.898750154436334,-0.4902672193088161,-3.1746277301725008,3.0
9.07267845683543,-24.951409413411696,-9.515498781823023,-10.707617772126737,-4.436943332881365,-9.317448913960252,2.3500251845355864,-1.864928380981159,-1.791419814980815,3.171131752634926,-0.959289708636096,-1.1233138677461558,4.0
10.770928352326507,-27.52010699405684,-9.09408375423935,-9.433944634339037,-1.1175328836399083,-7.16204142989511,2.472011958530964,-2.9942979556485945,-3.501439883295382,0.5767222928976659,-2.8760422237372403,-3.2518424308284573,5.0
12.896543718059062,-31.17272577736582,-11.150325560120743,-2.6930100259012453,0.8147598582434555,-9.375118068875455,8.039812251934034,-2.134711703299637,-9.635078232311251,1.8641996491311417,1.86077294030174,-5.423320482644135,6.0
10.137682595900785,-25.46577499711292,-10.186039597785395,-5.814899574899703,-0.8970094827601531,-8.352818659114833,4.977891892388644,-7.233711839779799,-8.598325001928753,2.9448116562893945,-0.810706561381424,-1.4404689406764493,7.0
10.866254079614292,-28.49446161258261,-9.628032055948704,-6.010657310346574,3.3489756210638464,-4.079487125618473,2.110531094509976,-5.8760479271804185,-6.496233793122692,-0.2462715595260436,-2.119826881822657,-4.002515946664236,8.0
9.514000379587712,-25.006109628061925,-8.190248577177478,-7.782328734996331,-2.1922238456157435,-8.014193545118989,2.6833280547015352,-5.385768616989158,-5.7699156308380095,0.1460731464821737,-3.048992433043699,-2.2971750266587603,9.0
9.784418985483866,-24.136880369375938,-5.627268566039091,-6.051208899313315,-0.1930181854152196,-8.77682245774728,-2.4401284437793,-7.587276038833873,-4.51188637164651,1.6268774967567448,-2.758435232731294,-3.321016821018248,0.0
11.232081368511516,-26.027709566171303,-5.385572178244494,-8.077082120947447,-1.6028459955236,-6.6645478182155,3.359004927019531,1.5575524864506685,0.809316266362734,0.7817386234241605,-2.8416871653868254,-3.1213968164894945,1.0
10.26253684951361,-23.317291264623552,-7.0233804403197215,-5.162477559637314,3.423204740476153,-4.88994516696349,2.295103146904855,-6.049114287417742,-4.682783652310324,1.192687473687655,-7.577021494435373,-6.560216604583925,2.0
9.054611154239476,-24.199141602074167,-8.28411451111339,-8.66710628319117,-2.7106382380518963,-13.392863205627622,-4.613812502956018,-4.0381328437867365,2.3152968587119904,5.294912681572767,-1.7121045316346264,-2.954417518860664,3.0
9.493288583793156,-25.41809778899921,-10.144005891985564,-10.336856433952253,-3.660320097099748,-9.748233220637651,1.493884618991416,-3.405488502563935,-3.9725676967416046,1.353736413962182,-2.520538304425266,-1.9333110020322373,4.0
11.267956256258952,-13.32974987282922,-4.630627035009629,-2.130615029867335,4.616601098775031,-3.7540785638595713,7.064755423344459,2.173832351419062,0.8634180869603172,5.289614160378706,-2.4731534184651056,-4.375027279551712,5.0
13.178846541641388,-19.693220472866347,-6.93299084599382,1.5154013499355288,2.383131864613776,-11.01859585019734,9.493643739210713,-0.7633300408346205,-10.179162721111256,4.759519927872771,3.0291982658577856,-6.7042686380252166,6.0
9.722366889208962,-26.585648057067303,-10.362096821038504,-7.53466000464533,-1.4784939973078908,-9.001951043047328,2.353688016326432,-6.4856793859244055,-7.737293413479258,0.6073522595104578,-2.062388563385688,-2.842487896840802,7.0
11.455976247081267,-29.33980073380477,-8.094760938718583,-5.7408455096091,3.178017232973816,-5.029867517990084,0.8176788408309337,-6.1574970941487255,-6.49682883836545,-2.274246821774867,-3.2223485690395,-3.141188844818026,8.0
9.147346746748212,-25.089234599240434,-10.357972520615355,-8.767213366234898,-0.2045569423145414,-6.300701846255933,2.892095894584135,-5.5755016811915095,-6.521968798554629,-1.0167542494659136,-4.408192495385595,-3.477887575252128,9.0
9.416265197359015,-20.93107511168424,-5.53345872582116,-4.2650044461478265,0.7541895427538337,-7.037770989318724,-1.125141393058316,-8.0952821763942,-5.997484025791817,0.460357805974584,-4.568758053356165,-4.205307989559596,0.0
10.547395579180955,-29.3985646144698,-7.460369745096924,-11.302559764211455,-4.747071088177309,-9.773185199334163,0.9582380106712488,-1.4184886615993606,-2.50394737244705,-1.809732391536596,-5.131160696471887,-4.656662219694501,1.0
10.053691861052029,-24.42932855204296,-5.730354900247844,-7.638474945005812,1.4305414135503358,-4.245501681694295,0.5709662381637125,-5.198148117140771,-5.827248618024131,-2.7674281919101182,-5.380917014803414,-5.667904786395219,2.0
10.139055529216275,-24.010856569649363,-9.619671620686772,-9.609113414454754,-1.071305426713525,-11.294919750728672,-3.9437884534308014,-2.7264405224481707,3.500725959752565,6.630935068947382,-1.2367166329469486,-5.197437285821728,3.0
9.06595622633575,-26.24145727381733,-9.670702446181142,-10.054887483742329,-3.839825002590618,-8.622823835542235,2.6167585991925613,-1.5686177109935922,-2.3069332247588386,1.7318857519033148,-0.262160360048073,-0.906080495110434,4.0
10.820751147762223,-26.07019601169745,-9.356763825263998,-10.831879646260582,0.0051941254257524,-5.355153852620451,2.460628932186287,-1.1319677392836205,-0.3750148349581237,2.550753717088877,-1.447315615683092,-4.170520897044659,5.0
11.798817615961635,-28.998270982876942,-10.954465284778308,-1.5347160169389549,0.7322287863197711,-9.7467169137491,7.952919498325095,-2.3137041301295462,-10.08369068242669,1.7202337360085838,0.4396084564819195,-6.556524085580691,6.0
9.947169067840994,-24.122363045480817,-9.543129257199496,-7.157381378488656,2.011038143975,-6.10316710424144,3.121622510707289,-4.26731439394463,-8.370638905064286,0.6771107541969318,0.7819023913775169,-2.7152859354121377,7.0
10.934371447882766,-27.86174568731733,-8.851215507103982,-5.252831191285418,4.241126299164673,-3.851633122845743,2.487208411403499,-4.928280126885448,-4.990493070524583,-1.1088750091882904,-2.538679238226662,-3.0719740908027147,8.0
9.1894926816033,-22.476002965259777,-9.75470672808427,-7.980099377489207,-1.076152871317828,-7.005670881138187,4.9999418000201805,-1.7168225918624385,-2.923760760303017,2.727593285357201,-2.3950949182298937,-2.374437178948664,9.0
11.236521402372777,-16.724224047857035,-11.04481532923212,-7.853311704501524,-0.6596365621411281,-8.748173019693322,3.3945095830529346,-5.908734546459804,-1.3620934154745836,7.883353439520374,-4.51063264768516,-6.2265561586589495,0.0
9.501804238186333,-25.56663590500935,-7.495604464893363,-11.897964297662517,-4.703702873735756,-8.18974218216257,2.3834121081609103,-1.1181317794140906,-1.9677941135542047,0.2186208723660923,-4.013447435019416,-5.595523863269608,1.0
9.764301797273276,-25.926277221748915,-5.009424382415959,-7.384734926156689,0.4749442540196165,-4.797176086370365,2.2836978078654164,-2.7773464070756595,-5.4910052241628025,-2.7417425814781464,-4.840762000424546,-5.688511271203272,2.0
9.981015848236035,-24.14865629961765,-7.530579366691231,-7.119630567237751,-2.680594889560197,-14.183931695836584,-4.038682066272998,-3.669561009991935,1.927304092842793,6.917733191254156,-0.1771253682211014,-1.445448414422028,3.0
9.149992800130724,-25.49656778511065,-9.556814445014185,-9.785822317419164,-3.701400712576039,-10.097296417977391,3.1990959338954403,-2.8924060730467493,-5.7904089010666135,3.148592984169993,0.8353550523327786,-2.424584683571261,4.0
10.72867384216406,-23.6735761618422,-10.453900803355593,-9.512836611242127,-1.749427264454377,-8.947016574219406,2.953338427957505,-2.5886091268940103,-4.278485365220475,2.58411491833952,-0.7922186326573639,-4.800177974031141,5.0
12.235379673072828,-29.201168796582422,-10.090505204922671,-4.758050969147661,-0.6303436145291016,-8.8043885105515,6.405473524267817,-4.1993578964063305,-9.563911040200509,2.517893953864597,1.655913391588132,-4.249626841930184,6.0
10.22965162446445,-25.241419250713687,-8.515373722415838,-7.280754257354149,-1.686894434129216,-6.554104980105238,4.94167257262609,-7.473064991350666,-7.6247242256369905,3.711851685436777,0.3740508635090686,-1.9319512271868733,7.0
12.48057633844116,-28.371229292149778,-7.705787225793081,-4.192278326359704,1.919042372256035,-5.4884437367535845,3.743175114159467,-4.296546024257864,-5.490995490257803,1.2575890792285247,-1.1912637351093185,-4.665665233054347,8.0
9.439109482395564,-21.94144407883023,-9.696107256631947,-8.088931855649998,-2.0895571051516906,-7.914108972104154,4.334177061704943,-4.909519394794184,-5.522314668475917,2.953978927044053,-1.5247153834290246,-3.182143868784661,9.0
9.13969071425985,-21.0123392635492,-5.41001964550491,-5.588787615465035,-0.5753472091196093,-9.424037236570268,-1.589897573786467,-6.48258445214162,-3.498043534944108,3.2505789727273893,-2.023960271547716,-3.263099295439818,0.0
10.941921976577309,-24.142865885423927,-5.524713930262222,-8.448145665364713,-2.4494958617680243,-7.712082419710159,2.719789708809751,1.062908236550754,2.401612330922275,2.184380824837286,-5.285859099996846,-5.7219177065971,1.0
9.624780611755243,-23.52266744409561,-5.0170555670079,-7.70526436440191,0.8521483325294185,-3.578984654491656,2.893061092369688,-4.514141277469427,-5.776943814781171,0.0766483875826073,-3.39706622530361,-6.846069534024633,2.0
9.340146024850156,-21.79083990472652,-5.664874131122832,-7.458186362819157,-3.093009019426595,-12.0799129752641,-3.670621289632209,-3.765989756320856,3.0639722846701085,7.849001355040961,0.1726170795312864,-3.1524528403759056,3.0
9.087914683124628,-24.96646275671091,-8.509437722517676,-8.79460120066485,-3.766664997321046,-9.59015414403556,3.63682887672822,-2.4726338042704588,-3.290617735166287,4.074537319696794,0.2349247047429113,-3.0557540608984777,4.0
11.305574585629811,-23.55722585437301,-9.6316476711335,-7.728052221498087,0.2798603547700455,-7.065384651613633,2.468318256663598,-2.503741314738161,-0.5273908913679617,3.709327446136676,-3.076685549498283,-5.099203440187766,5.0
12.98591770656228,-25.795915459235083,-10.199510101049531,0.2128067412795231,2.3641587247076514,-9.8567298844307,9.83652719011972,-1.235626452601279,-9.792031685884306,5.057130193038578,3.615701394621687,-4.541324975132066,6.0
9.702940599734928,-21.852244814122173,-9.910747109823912,-5.6164210900393705,1.0983243193856944,-5.557360179240101,5.421281569068035,-5.827918407297526,-6.171800925052653,4.2343277010376825,0.7468178654427619,-1.1982578645247974,7.0
12.26139156964126,-17.44587417712978,-4.938587983832987,-0.8580163848590106,4.641351006173903,-5.894225686353897,2.8799907754327894,-4.157481341415113,-5.174432497373825,1.3651877629199518,-2.108194611137239,-5.836173316565464,8.0
10.27579395068818,-18.033178250307337,-7.720181567162185,-8.99531408034184,-4.07847110236587,-10.476921747302924,2.986071440071421,-3.037516614555434,-2.119651680002377,5.136077892606905,-1.1119711162590422,-1.6020690665015962,9.0
9.02272742911683,-28.688677037396268,-6.886980278778918,-9.120575277834048,-0.9106919728867952,-8.18513120999191,-2.364829774716995,-3.6468434425432776,-3.7349147016949007,-1.558700024319999,-1.553606949025228,-3.3109602864533336,0.0
11.349152124867803,-25.38731027904951,-5.971876892709397,-9.73600182562394,-3.4505468823526115,-7.899014833093576,1.7170817253366617,0.2630822710369481,1.7080978850976611,1.8916118888882183,-3.8934180516751375,-4.8652242128407694,1.0
10.066524833685811,-22.62000790488501,-5.702229306874118,-7.243803171479583,2.582529670436396,-3.688062757220227,1.3893450563409977,-3.3869017302155533,-4.84921468412676,-2.584445962777212,-6.591292247969621,-7.395982530903254,2.0
9.352831801314984,-22.839490814279586,-6.351984444748164,-7.668377161703434,-2.4093687786776536,-12.966985467161129,-4.548845647441725,-2.7592784258559737,2.6500588744476623,7.262310415213442,1.03146974175323,-3.21001537541396,3.0
9.068613474423508,-24.21907330237115,-8.530511216463228,-8.980142847975415,-4.177711891854855,-9.000396454951908,3.864094431577866,-1.9155509245571136,-2.888545851991835,3.2422506621195395,-0.2293330873439659,-1.8005951026994096,4.0
11.314570496163276,-23.749809798333818,-9.54347040086398,-8.628486460216578,-0.749253419500761,-7.102523482989857,4.15563192333504,-2.715648522456013,-3.491336018692708,4.372394842327843,-0.6577321898613964,-4.874716006847787,5.0
11.476114274607369,-32.04582051108855,-7.936373341954693,-3.7466867169688425,0.3498678273321277,-8.177547745284873,4.244310855908407,-2.3896995402798025,-7.373021839112525,-0.2662604575934054,0.8866188562843965,-4.378197784625972,6.0
10.094401164934215,-26.556536089138955,-9.158732822971889,-8.297407515052694,-2.356073134846952,-8.196217782388532,2.628177645183208,-7.496784828284641,-8.419575599968805,1.7272937209463717,-0.0523894698657842,-2.029847904100903,7.0
11.802138402121594,-25.605565589739943,-8.175413049341834,-6.32190489784218,1.423357811211523,-5.95009506745946,2.6596627067674965,-6.544277557845313,-8.56537922366624,0.9147072183013144,-0.8542030100467327,-4.744378557255677,8.0
10.398859910522674,-22.61308801201163,-10.343162664733388,-7.078353989452425,-1.109747610679276,-9.452635055304809,4.437446803944758,-3.3988319875648707,-4.462191080939313,2.2505897473366057,-2.7238356539381385,-2.3577930947694705,9.0
9.312783025892566,-19.87758492808471,-4.250773190711769,-5.653860012510327,0.3285965706665163,-8.284184631679313,-2.374096104040123,-6.321771205739578,-2.633871158804932,4.641283592995182,-0.5253730649150719,-4.06505637193885,0.0
11.129763386214352,-15.772524409639807,-6.243969998895195,-8.347894740853887,-4.836748738076356,-10.69268559539006,2.8891297049566025,1.939180164705128,5.01011923871045,7.984248859379015,-2.896858544438411,-4.08916646799396,1.0
10.853955215460475,-12.164483961370484,-2.370154911624581,-3.491655969170536,3.1191510111920064,-6.1061111718625,2.0575259347258674,-0.1312148101338619,-0.0418492494494905,5.5070159198611375,-2.5199565787606453,-7.205228391142005,2.0
10.007227904946845,-20.940268671068857,-5.656057455706575,-4.707512316320597,-0.0295072229128415,-11.153836736242306,-2.744810981397442,-1.3435332257936614,6.463480997931588,9.399876502614504,-0.7087220311368597,-3.215925725643686,3.0
9.023194833292727,-28.276728921416147,-7.359612501973957,-10.740109771310848,-2.7174961954065364,-6.942122717982013,1.539322701925082,-1.3433726654117564,-2.787597186473389,1.1150249382685378,0.865815203860193,-2.468913699663296,4.0
10.397140579906305,-23.400495737397048,-8.910186287220798,-9.156360149040452,0.3830204288682148,-6.198104843679575,2.616817673263728,-0.9253256867871914,-0.1527859316243536,2.8231788190432816,-2.966345188953676,-4.743031588983653,5.0
12.064036308942494,-28.87842305157135,-10.372011614585372,-2.965546939227956,0.6643576750680465,-10.315633304375424,6.234532381649376,-2.159071205872931,-9.76598237332864,3.1668824103335003,3.218814534839928,-6.44765062929447,6.0
9.960066288687608,-25.359752280265603,-9.839242117946982,-6.515110116407247,-0.4686098438013945,-8.594841859088103,4.41671177141137,-4.164023245384258,-6.638726629247112,2.6224233781964967,0.1989012986599528,-1.7854011482639545,7.0
11.088227194498463,-24.0696570697957,-8.402411097184151,-5.388330134188639,4.378636808196154,-3.391814246911214,3.708448328171164,-4.591092211346249,-5.746370602992429,0.8639424302048434,-1.859882767208064,-3.6893018283698926,8.0
9.699548769050732,-21.578605385670063,-10.41607474827455,-8.027710375404126,-1.3324161780845616,-9.047346629759154,4.071304024710192,-3.942744650762653,-4.06715834083911,1.695694788412511,-4.624157995985165,-0.7061129258282088,9.0
8.978136582479387,-23.96820159936996,-5.046649552840823,-7.435234567420475,-1.396230775103201,-8.706749153491911,-2.430560039544656,-6.131420265949753,-4.938481993536672,1.3961581060189954,-0.5148445470900845,-4.004647242797311,0.0
11.30720156475288,-25.109902677561053,-5.398138747757616,-9.40783704828855,-2.8901760549985656,-8.177813265172153,0.2046582655556105,0.6286191945865045,2.803085685143688,2.04351185976658,-4.627228153358121,-4.47532748919463,1.0
10.18162403481972,-22.76626689336518,-4.738121809444653,-8.085775341582687,2.3808163113721976,-2.3202778809351257,1.6387761987080949,-4.282282957119068,-5.665847244803818,-1.673109473263895,-4.074112120610503,-6.486910442459855,2.0
10.13118429429058,-24.50078326337136,-6.73518700775862,-9.601282771321491,-2.0957952991630804,-11.428140363920354,-4.189922398073723,-2.267505454409737,1.681038843192262,6.180820621431099,2.1388943217322707,-3.982901921042649,3.0
9.62824237540757,-25.642624008260828,-9.624975903662802,-9.907425159462962,-2.939495923133318,-8.84597614861663,2.072214488400548,-4.227591285712585,-4.52526577997422,4.090762245862833,1.2005739178942196,-2.421102782562852,4.0
10.826283810824306,-30.13342255692888,-6.24995246464347,-7.2163816257309055,-1.3900857753334297,-6.790155530818471,3.148218111219718,-1.1354033650415232,-2.47142173639627,0.9323594749449692,-0.691608812979984,-3.210772716292648,5.0
12.157296413272086,-26.85732837246156,-12.11109209052312,-0.9012899465468428,1.8437744879411124,-9.690476544193563,9.154631827858504,-4.238574853057031,-11.272711481242506,4.691742661060338,1.6429808258723162,-5.448329647002278,6.0
10.254974944524797,-17.85441899063401,-8.763386058758273,-3.837080528992417,1.986253467629672,-8.298928997581651,4.465971218863562,-4.59644727915054,-7.925271868106599,2.6672283015963743,1.502735148193843,-1.7689326403480627,7.0
11.700541928859431,-25.157028301232533,-8.995367819878219,-6.220528520347401,2.959411420837942,-5.422105912684452,1.52482850766619,-4.470098633264585,-3.879236082887276,2.0883331974822235,-1.4144242561493972,-3.848710551260951,8.0
10.356902899609116,-22.829123995711694,-9.163203341020074,-7.410610486250748,-0.2490538895124176,-7.782586218384331,3.501517125590212,-3.954716965363647,-5.410539295890781,1.2858658291623175,-2.82234795711538,-2.905502583056692,9.0
9.486673234971,-23.777444070867567,-4.619608705815504,-8.385443334903831,-1.636383653141941,-7.985208522947754,-3.1317437822816907,-5.987604880163722,-2.335123371094194,3.044594490016668,-0.2929855066890003,-3.258693892232781,0.0
10.977661948915586,-26.02022746756128,-5.961492400440858,-10.637201704235464,-5.304870801291812,-9.081965015376378,1.0769554051802412,-1.1360655429414683,1.0531802218767623,1.49819091340191,-4.910119018477355,-5.101911102388669,1.0
10.467399099380042,-23.371953460182425,-3.3565171641242504,-6.495822470604518,-0.0662677110398373,-5.095900660376371,2.58655749745318,-2.723773886495131,-4.8884887512155,-0.902874906564238,-3.7765704441147054,-6.47945453341099,2.0
9.380990001736462,-23.169077424325952,-8.810982304561325,-10.773303341351555,-4.242950076070687,-14.36553017724738,-5.884381064251568,-3.529223368669552,2.367472691932739,6.680999210504902,-0.4960914536677551,-2.1581457579070777,3.0
9.729944852859978,-24.94910722039181,-9.30368926047704,-9.728125723063114,-3.66262938739782,-8.997148171839704,3.492089299731364,-3.257035921963076,-3.972496330310335,3.480092779020674,-0.7104590934703476,-3.803089776482415,4.0
11.122813214151044,-24.41089713521593,-8.622825640044038,-9.13786600229479,-1.5168468163301432,-6.713312196228028,4.87467082324485,-0.5487731699737103,-0.3788946881235938,3.832990200166084,-2.4973735702094984,-4.522500922411964,5.0
12.219756683291074,-27.50731994490994,-9.429188845241791,-2.732596482195398,1.42501396386697,-8.226280297356267,7.715937395949616,-1.330146262804746,-7.6650141945778625,3.061973758937621,1.5662625280228106,-6.890739803654233,6.0
9.663601098207804,-25.874593533103983,-8.635951104738622,-8.1708466464408,-2.949759412597288,-8.943610617353821,3.5083643329381693,-6.523979985404416,-8.052892466878214,3.3446618220082645,1.8955235907038843,-1.5184983052447854,7.0
11.328102387631542,-28.749005985043272,-9.114331427404675,-7.292627850607904,2.597959622981076,-6.198511225140103,0.2491556067934518,-7.418819202542672,-9.18190762494921,-1.884119376375209,-2.848240927486654,-4.6460502878819145,8.0
9.97497903516685,-21.00611316726954,-10.286861838803782,-7.9105857773948225,-0.6702783612652287,-8.94171354916232,3.083988571568591,-3.3133278431397737,-4.4111211628834335,1.7175982216223509,-2.651937736386725,-2.935794373305742,9.0
14.0336578874678,-19.35315519726814,-2.7791054224042218,-5.208027420045723,0.2790430023293305,-9.258165868077388,1.5212321361733312,-4.876078651187689,-8.1974630835666,1.457020758760149,1.711938719276507,-2.5904750125885605,0.0
9.239300091440317,-23.92835663382172,-9.207987858375082,-12.16992398607984,-4.857405519998118,-12.5326413516477,-2.757408361009562,-0.3964783229954834,2.582931389184006,0.2695535835391991,-7.508767663531949,-3.227243142153228,1.0
9.932125082661589,-24.19714657536748,-5.037108529727678,-7.493094348279524,1.070197906535065,-4.629991257683428,2.614184883314608,-3.076245096485139,-5.633101876741441,-0.5265386464872267,-3.4581201261937045,-7.146510615949928,2.0
9.915651428789769,-22.81178909389503,-6.998128155723568,-7.897591163254579,-1.777421445579298,-12.207664004281204,-3.843935339771414,-2.072424859180728,3.24590372050466,6.237189577857199,-0.3343503375953059,-3.3490789902374645,3.0
9.115430708150855,-24.51199868310633,-8.468744008032585,-8.52393634368143,-3.377095457066175,-9.685171788294218,2.680359329137424,-2.96968039130634,-3.020321128487507,3.88044838083355,-1.677622907749563,-3.236595998279664,4.0
10.618603599492468,-24.48885234188172,-8.388057864520256,-8.434598127129407,-0.4453249960143557,-7.100443593993419,1.720118020843766,-2.451592790376288,-0.1253223719547296,3.9020038920998106,-1.483902349678378,-4.527484208497526,5.0
12.186653252505137,-27.84920908519927,-9.024613037994344,-4.459962119931023,-0.2779918595344869,-8.877106033330959,7.595174512389683,-2.768442963605474,-9.930974194317368,2.330131704372117,1.7494022789424777,-5.750450546599153,6.0
10.52889798954738,-25.31295933361265,-8.836827087357975,-7.633068760069971,-1.5160436856097363,-7.434065107690917,4.647043384870949,-5.859934755724534,-9.311889431262808,2.322413223065478,0.8356699341734561,-4.42834209279534,7.0
11.512767286245804,-25.829400078628804,-8.426438048674548,-5.405727222894943,2.653098465394353,-5.423128561525103,3.073982384639047,-4.321956150691295,-5.3133804606561865,1.6404174092770838,-0.8263528678108875,-3.3607836359744665,8.0
9.721769229057177,-20.2026852950531,-9.99857347921375,-8.097646875281958,-0.5076115710913859,-8.027594707257492,3.3432400397736384,-3.921578995019736,-4.053721068702692,4.198616479816103,-0.8246830759979729,-2.9891754005552484,9.0
9.403555212528207,-20.63588704175086,-3.943359026852969,-5.32033625824511,-1.2629244308013026,-8.553360548249113,1.5371725970746737,-4.259377462183221,-5.752549232757104,-0.1808788731621236,-3.523759408523542,-3.817104974382754,0.0
11.266851489763498,-17.7092384572739,-5.208341099712052,-5.2419002857689945,0.7501710638396353,-8.153210926052678,2.782076818491588,3.0140416277112694,2.745178465024676,1.3573741967718462,-5.156360494931066,-4.753689957343125,1.0
10.584442812761411,-17.133526206434937,-3.963178899308722,-5.367185263524737,0.8065109992130981,-6.055775341069596,1.951713414198732,-4.380259015112091,-3.669499035753336,2.013858832403067,-4.822474876057444,-5.843795995051036,2.0
9.9803773202581,-18.786561379513856,-5.330820351734693,-6.248211197582797,-1.5553245485922669,-13.080083852197028,-3.497089197412648,-0.5271365190973053,3.9775677341353415,6.0260588454722415,0.4729163330631023,-3.4694323484343887,3.0
9.027709997300754,-22.975672600597164,-10.420809059595562,-12.1936816024117,-3.691526897972355,-10.976760642074373,0.7928789265047805,-0.6729448059647382,-3.6937762840244734,0.7749482522422926,0.1554045193626793,-1.8856906147891668,4.0
10.79107648834588,-23.46432185633031,-10.473911684856583,-8.79766621693799,0.1489658755318834,-7.554816156386384,3.54256970030319,0.2073386919774536,-0.9875466019972065,2.394504613450296,-2.5450487261766064,-4.516018035377915,5.0
12.298733236153206,-21.87482153813291,-19.05306675523789,0.3979523643726912,4.92887334155915,-9.989778506640125,9.798853955772762,-11.07243301812775,-20.96869111647732,2.682329186296038,1.0899184984207626,-9.38553661116092,6.0
9.819234166008322,-24.10655223965867,-8.490865878618822,-8.045591963315918,-0.5200402896444348,-7.139088265794988,2.454249604977519,-5.79390191882368,-6.365761264681321,1.7973728283183694,-0.5226188360706469,-1.7393825487040906,7.0
10.082464992340858,-24.356311904200087,-10.398635030066185,-5.842972208884532,3.1676875034571004,-6.483988381222162,0.8241165750142877,-6.068822350620606,-4.892410394338584,1.5065634996843773,-1.1050237673381331,-1.643795287263236,8.0
10.478843426699113,-16.720490254711084,-5.871416053393501,-2.9728810830354258,1.4901223215778197,-6.4247846098298576,5.741088537599657,-2.2698064743443256,-2.6034749386342733,6.475416121414012,0.8339593745716951,-0.550437685092155,9.0
9.257865130717509,-21.30531905749445,-5.617942428028543,-5.057054959579387,-0.65268927137601,-8.32800527390282,-0.875476616924874,-7.693428069387017,-4.722234583553228,2.48588141979109,-2.9832690136105566,-3.2281595296658945,0.0
11.463963978826255,-24.30390963876029,-5.290145587554815,-8.466348285462026,-2.2623689452993285,-8.047524248002576,2.021940840654604,1.007504274139409,2.483114404966251,1.980925177903467,-5.568167248938012,-5.758173403572044,1.0
10.049324153378372,-23.49440903360714,-5.4010838069079465,-7.200600589331701,2.0456454019231862,-3.685000067948249,2.098136538044153,-3.5454208402730134,-4.347670664550236,0.1408412925957793,-3.618550357109273,-5.968282712524681,2.0
9.43283548223081,-22.48072607045916,-8.807222321366304,-7.373335517757705,-2.7266118374906445,-14.963214448011223,-4.203378526769544,-4.126591931066385,2.078627129358309,7.713889686380868,-1.8060505319871312,-4.556270232452483,3.0
9.581298673914088,-24.669086496343773,-9.368096045287595,-9.97242746917989,-2.916697684686343,-9.087638041611298,2.553745701141947,-2.363238543647162,-3.062484455808087,2.6182189994937035,0.3478150071716168,-0.1898840472423139,4.0
10.825620162136698,-25.245817146215284,-9.859422764384105,-10.51954893662554,-1.3201750254989555,-7.790513162140717,2.116176140814116,-2.27641403891352,-2.3338820852424487,1.633181197854634,-2.7451241064389995,-4.171667607821743,5.0
13.820156123375632,-34.19766496138189,-5.059776585956553,-6.805633806275698,-0.6037955100320075,-5.892593021712906,1.1915657881754338,-1.8596676680822453,-3.264650303928902,-1.2231566863512462,-0.3759056769115034,-3.055386396336488,6.0
9.379786555535402,-24.423798943502767,-8.461946177594687,-6.042844497316704,-0.7672374630874053,-7.820180454321161,4.571306317348541,-6.538678359960215,-9.097335237858973,2.233022143054666,-0.0063954050275282,-3.4766906751864672,7.0
10.72183554770577,-27.910638237620248,-7.94598560590757,-7.084419842468817,1.8992620476950908,-5.6120021965131714,0.8355775355273793,-6.402371995038319,-6.377459995094422,-0.6221802271037624,-2.3656117771852934,-3.8418953392428494,8.0
10.044989982384996,-22.922029686162816,-8.50132113440344,-7.161355017891284,-1.2931887193719993,-8.228129482940465,3.184970784935872,-4.558647578504231,-5.063643500728483,2.6779926153575926,-2.5398086232010915,-3.400635458431174,9.0
8.665714050175014,-24.39395207200157,-5.747963381094506,-9.241693733088235,-1.6636991422531502,-6.7983035673775465,-1.4346920519699364,-6.310408197311233,-3.465853066021812,2.2481446675562795,-0.904219345972645,-2.287834858906153,0.0
10.623159522752111,-23.484173512183222,-6.5324195826584,-9.997392311648396,-3.250574750841133,-7.410081482150775,2.470702285658384,0.0520145881806364,2.6390311307434247,3.694083569587856,-5.563862250142371,-5.593297676015864,1.0
10.361410258846604,-20.48901103028028,-5.539063016697088,-6.229796415327927,3.870426819737768,-2.7296229674918187,1.3409388124170298,-5.255206338671351,-4.752034180306816,-0.3386016646285768,-5.342180752774552,-6.144750450194694,2.0
9.95771172216939,-21.920783004509968,-7.667962952396623,-9.3304200258873,-3.0993971901134816,-12.093355432831162,-3.282710057722642,-2.0984902250848982,2.673449601101205,6.241327213928887,-1.1114034857457076,-3.8038951992409977,3.0
9.231997723379497,-23.07135630059828,-9.242360606087656,-8.749112433245415,-3.72242360754384,-9.359545642240718,2.843201706154693,-3.795648481337271,-2.584404684354346,5.119080106770508,-0.7401635025023456,-1.9345958411374429,4.0
10.711852995992848,-24.584829588013985,-9.247618043276995,-7.629476495796458,-0.0763312085577428,-7.092601430499552,3.726214252457349,-2.90089756085613,-0.5356389448789584,6.235770565773848,-1.0520011089854724,-2.839202155084537,5.0
12.020840040648556,-28.18494664582096,-9.82853538038235,-1.188912459090691,1.1832343944080803,-8.062072521795516,7.179898245571859,-5.569913470748057,-7.964169225452034,3.4847300872451767,-1.4111674114697212,-4.692653929678568,6.0
9.843312071080147,-24.30458852291136,-8.83695563504578,-8.61368380181432,-1.2878060999780414,-7.944035852996411,2.2359669747453186,-6.879548108195207,-8.141492943141763,2.1647068919812984,2.292083907907499,-0.2668888477750547,7.0
11.124591406217649,-24.978097149418826,-8.681154609487992,-5.501987310255548,3.809769572177368,-4.103454776132414,3.522028293571052,-6.201284691348088,-6.030218329298127,1.8815377232048425,-1.76237409298203,-4.068963249531027,8.0
9.50090254138794,-26.965446806972704,-10.474953014782791,-11.315963090715002,-3.5587742449262105,-8.919629154268714,0.0209133503136871,-8.5328294812979,-7.454354993232704,0.3803310103765259,-2.8285900450395034,-1.8406471857135165,9.0
9.999462247062429,-24.68335969290312,-4.442509522571795,-7.047360455442977,-2.528997948616674,-9.753534716266396,-1.5266335243628215,-7.0183669100281385,-5.373551961541374,1.60010645645131,-0.9534053694005884,-2.498214598060539,0.0
10.767105197754884,-24.45967459607645,-6.252834110187705,-9.146096116606213,-2.651719533209033,-8.487032646443847,1.6640235531562393,0.9779964670238817,4.267880396514849,3.7797115994697887,-4.394608686728143,-5.178836427622194,1.0
9.873160811632442,-22.14747187971568,-5.818718970242745,-8.174777499846675,0.9445718652145918,-4.341398190887465,1.3413495072755208,-5.266905250881588,-5.665774495522507,-0.9132752331211704,-5.861369333296862,-6.769587593227026,2.0
9.349399613494905,-20.554896275956,-6.861565339535018,-8.583865056660661,-2.986829804676547,-13.347415145227323,-5.017462332874265,-4.581979169903627,2.1195438548626244,8.351048240945463,0.4505979435528728,-4.264890985052189,3.0
9.122890611844358,-23.40680587071725,-10.094029723088196,-9.797970844503482,-3.198274884801172,-10.335258826687866,1.6799787318882409,-2.0852661271269293,-2.326058881349612,3.26162422272616,-0.4218995849172719,-0.2101084203144842,4.0
11.589436471811782,-22.580345195425824,-10.313941789187764,-7.370552593685488,-1.078513372722126,-8.892320776006011,4.971821839665958,-1.7520948467559392,-2.317932920186002,5.27385919849803,-1.157490428929234,-2.7916224176804394,5.0
12.260290484229946,-29.77401180420361,-11.65091010963422,-0.7740012829780235,-0.7087824871151086,-10.074514017590689,8.261218052033076,-6.123602112774606,-9.946867121939622,3.811514003340833,-0.1021174927477293,-3.469487542947093,6.0
10.597753811451478,-24.055739676509383,-8.40960544360921,-7.570181694354236,-1.0417064428880636,-8.06686668546912,3.733914646128148,-5.9160545811520455,-10.400353189201374,1.5132003073642089,2.5369676633541025,-1.6717273186674382,7.0
10.837832002108245,-26.04022081341564,-8.632992031420969,-6.014002704360445,2.3763831539294085,-4.825312374269649,2.457144226247537,-5.846847730513844,-6.751823479317114,-0.5511302404895703,-1.8016887308201488,-3.5103516693540726,8.0
9.483383299804911,-22.01481064391028,-8.053013552724494,-6.900512861582615,-1.36564297630239,-6.826079797253462,3.596397381084407,-5.817794653310174,-5.910802810257469,1.8046023935348667,-2.127802303300839,-2.705681833291638,9.0
10.328276415924876,-21.0170345959018,-3.341654577838646,-5.1093855393956815,-1.3617549655067167,-8.48341977685406,-0.0499619174382119,-7.2700300270739,-6.421897192981832,2.069022170785141,-1.6667971110263575,-3.508830682578803,0.0
11.12665942091232,-21.584130437197523,-4.34987617959542,-7.061341101396711,-2.566790069688832,-8.78635827829595,1.0833723060074938,-2.380836704811256,-0.612392805205423,0.9169092336551444,-6.343085548993003,-4.352331007924586,1.0
9.985989499833671,-19.994330838649024,-3.6334804302104726,-6.1546061355379935,1.923199671950147,-3.7233072678094494,3.0594487030840924,-3.851141930377495,-8.279073708665,-3.04009135276218,-4.22310088635965,-6.588871312669455,2.0
9.55698381312973,-16.397847329129174,-5.416463590941569,-5.485826912509526,-0.7902420486927644,-13.589121899389772,-4.491383632735434,-2.524023329188715,3.068370132163167,8.975367572787013,0.3972630250593517,-3.956371296207465,3.0
10.108240205706268,-20.130249174854907,-6.346058595217092,-7.838278088862641,-2.339970743406145,-8.793593120942234,3.496016614800121,-2.69731338483089,-4.981506937212429,3.857998312953583,0.7601699477691936,-4.005820496246432,4.0
11.5224868504025,-24.592755035994763,-9.898798082425754,-8.350718732718706,-0.3437163951356397,-7.7781822868276995,4.08810839988324,-2.12215056214496,-3.968059580298549,2.9600555148950782,-2.130022844795878,-6.104732172257718,5.0
12.21260630037529,-27.60335792208357,-9.714972182573394,-1.1128392879769085,1.7561442889887329,-9.155335074667596,7.473787238898778,-2.8657182713938463,-9.631705662353609,3.7320148925171495,2.060165352599871,-6.946289268948479,6.0
8.848273526935914,-26.624649016320703,-10.393414428076772,-9.934395437634064,-3.1392292538119,-9.707054344036871,1.6919181368642,-9.05992499338491,-9.50142942842359,1.851361176275546,-0.8425212618285643,-1.4160620685475065,7.0
11.943538774955524,-25.287327130122343,-6.931114158598184,-4.1511747966140335,3.552688889659636,-4.530557935474651,3.5982536644412235,-4.390309266431068,-6.611877037928308,0.6469257704112562,-1.44986046115084,-4.88355505193834,8.0
9.3921121986106,-23.565764129829383,-11.26855415150238,-9.750678156978427,-1.8856011877155536,-8.38761339851913,3.0921882541547587,-6.071546808902759,-7.736110477394486,1.1681828743899398,-2.280671776867314,-1.862668375227177,9.0
9.318782613610798,-25.957602526680745,-5.276846527650979,-8.598434988222477,-1.5991235964482364,-7.657299810634728,-1.5194361891098098,-4.1593429518829845,-3.813641322724537,0.4166157649631391,0.4779367344079136,-2.7119796404106147,0.0
10.653751442923818,-23.92617969485022,-4.840440645497979,-8.39025476708571,-3.453806486682785,-7.948982676592712,2.887051309105686,1.038581511442923,3.2068898784035897,3.8728207703516127,-2.8246588249525906,-3.3040843117448246,1.0
9.6385803386747,-22.89960062335006,-4.775183237442436,-6.619371225660927,0.5232107828934351,-6.172281659785284,1.262020023861412,-4.756813591865642,-5.830079318968645,-0.6760512222994673,-4.250577569104983,-6.172299902921889,2.0
9.786219150910222,-23.014230294011806,-6.708830216912111,-8.659024222814057,-3.266418784833582,-13.99079794765633,-6.14759390770524,-3.863437286070281,3.0875194931411847,9.178597688754008,2.560459798948254,-2.399444897773139,3.0
9.063204755434423,-24.248211285800444,-10.04225749780078,-9.614708949198109,-3.2502521384623173,-10.340797134196968,1.697022501995739,-3.084519801810316,-2.8032585791976907,3.620784399506763,-0.7765063714923176,-2.895472860945255,4.0
11.116476637816918,-23.412335253690287,-10.207795295183088,-7.410957436285785,-0.5272962711149602,-8.06113229127551,4.074437805553804,-3.555124817900916,-2.284549134892249,5.2232805196764325,-2.441204868049881,-4.557352081318219,5.0
10.712541971206278,-33.04526946707636,-10.867142272431598,-6.512872253327751,1.0679230356893157,-8.757312900372831,1.9839913120341008,-6.127363048788351,-11.033061329551469,-0.4419197377493054,1.1769026561123552,-5.713005311160048,6.0
9.184814426952109,-24.68492735850557,-8.88734143347555,-7.657998694925572,-0.3180128957337015,-7.527342928100556,3.3182404162930577,-5.235247422513311,-7.356449636723526,3.079371778109174,1.691989592078008,-3.022242200671545,7.0
10.337277195704049,-25.58764606878288,-7.78022831611663,-5.109590977686096,3.491600274212348,-3.6021902446324305,2.7470537901598577,-5.678589074933409,-6.244469290942666,1.4707601170916125,-0.517093703898688,-3.701873627698295,8.0
9.449873008561417,-22.40362442537402,-9.040845535162855,-7.572324589793963,-0.6435386463376276,-7.310956819144192,4.012970906171608,-4.395826844114039,-6.161327925038031,2.1725742986922776,-1.3070388647135025,-1.0028729672211514,9.0
9.21341502109692,-22.434696615437385,-5.12071807500978,-6.938591197503711,-1.596633621407457,-10.315178271699544,-2.582620466101409,-7.589417397849347,-5.580506554039327,2.866448943669507,-0.7669701835747659,-4.135001315365758,0.0
11.65876747197445,-20.98459775033152,-4.281218787163428,-6.958699176972676,-3.838108363727335,-8.13787046425317,5.339631145354592,-0.2438225448240097,0.1460157517009509,4.96403046604705,-2.488460891474597,-4.695303383644416,1.0
9.352952248866629,-25.10058307759272,-6.134606868304389,-8.501738985355646,-1.0994001813471517,-5.527989588945916,2.3706208369451733,-4.776667458324778,-6.973874781782473,-1.5233039589348591,-3.460192760597335,-5.900775415840409,2.0
10.377925900822763,-15.638712308578784,-6.25820756548126,-3.899933068929928,1.8339070255311327,-11.76499172736231,-3.595231388225744,-1.936923832846681,4.635284190634653,10.115008880627236,2.0045446509530245,-1.3535133153204946,3.0
10.4848624235689,-15.311898088185892,-8.52481399197616,-5.719412947722078,-0.7367567653629603,-9.93732943651945,4.436665296363231,-0.300750729838761,-1.7797688269877965,4.567540770822758,-0.8335501493452896,-1.620429758358705,4.0
11.267876350494594,-22.556275062329675,-7.474444745738724,-7.657419289353173,-0.9798317223955958,-8.645907569028106,3.038758269489844,-0.8604202617532486,-0.5570582117749436,4.585684845963951,1.2157036468574527,-1.9673878154322144,5.0
11.96019580323719,-28.64627824731584,-10.565678666473096,-0.6340005669899987,1.4642400648516911,-9.949358360882725,8.067342161411753,-3.3289888270472234,-8.706258414388394,3.5232798305244626,0.5038693494543195,-4.886679961540248,6.0
9.99136452144236,-23.089508737514592,-7.179038213464053,-8.872139497169423,-2.9340951113854783,-10.389410120438503,-0.9293659371298908,-8.572718906771167,-7.846201723206597,2.0309656683960395,0.4170781655614853,-1.4167037305173285,7.0
11.517098614526198,-23.49871689932894,-7.853299002697369,-4.728086442384993,4.428358263887696,-2.7835294427290123,4.301354097990036,-4.690166100347349,-5.209580072464692,2.2082655017298425,-1.4685611763051971,-4.518948270580993,8.0
9.399665221893072,-22.8517293796785,-11.484818666556231,-9.546543804685614,-1.9796036139954536,-8.554642204303697,2.862833322642118,-7.281528691999715,-7.662894171242646,0.1415892936842905,-3.8357895263793407,-0.7418946986083274,9.0
9.34448702293637,-21.94806264277909,-5.502754042892363,-6.255275996623607,-1.6564467437357768,-9.140593698269225,0.4912295841780653,-6.823428825892116,-5.351212924063065,3.5416215833035927,-1.5174301646388644,-3.316390421254518,0.0
10.888326093493664,-23.791041745458568,-9.145555447522645,-9.857345099849834,-3.678826953684626,-9.03158139958031,3.7935479511417296,-0.0196895255094313,1.5266120291779444,3.740451790353299,-5.398525185012116,-4.318038337428269,1.0
9.674441884663516,-24.314004904694023,-7.252607764141631,-7.39098371307038,0.1448832533478024,-5.3773956906171385,2.2662698037906264,-5.085479183601184,-5.386684888770103,0.2507646974985124,-4.240445485471672,-4.556542882949448,2.0
10.162752351439526,-21.90580135251908,-7.826125877916191,-8.248952847765677,-4.731410778660101,-15.215696577582658,-5.089472102308309,-4.2158150318349925,1.8389072564629727,6.231564387792551,-1.6393156040104675,-3.476172845045945,3.0
8.276913984674334,-22.9973405823602,-10.086305027871257,-9.956393780455077,-3.6549989765452415,-10.678976978191848,3.326798742032773,0.2318397537948475,-0.922901750684228,4.824141372199889,-0.0467422588711676,-0.1705149229466911,4.0
11.410194668036713,-22.673665691472,-10.19509640103227,-10.000807324902077,-0.3981944137741242,-7.654217082051175,2.8138685703879003,-2.020528647836271,-2.2351167048790352,3.641586705066456,-1.8204012747261384,-5.537574729182468,5.0
11.473673128576417,-29.298797727624905,-10.8156602024105,-3.24693230455661,1.477102415583063,-7.378069200541264,7.836628612070854,-3.8145770364706673,-9.587829088657756,3.1688725626862007,1.525676821569794,-6.273240444050958,6.0
9.237300146436132,-25.102956223760074,-9.652487536857551,-8.8583914969556,-1.3668904115225051,-8.197742922048398,2.5428337864504686,-5.148246312295297,-7.804961792109117,2.776425362969369,3.1925155269689465,-0.0555086121469285,7.0
10.55830612029997,-26.9431716007212,-8.519479641598918,-6.58042401887196,3.554976283125204,-2.1936885524148795,2.696626906561232,-5.828222748549862,-4.476825072078628,2.2280794245475386,-1.6405543540021796,-4.665157308162156,8.0
9.764927972365001,-24.259012037518502,-9.487435520680158,-7.328029095935215,-1.565284478486429,-7.1558352251389,5.3199757638707315,-4.59777404053475,-4.984598379934079,1.6387968909055384,-3.247744089252488,0.08878393324633475,9.0
